,Mercedes,Ford,Tata,Jaguar,Renault,Mazda
0,2.0,3.0,9.0,6.0,12.0,
1,4.0,0.0,3.0,7.0,1.0,
2,0.0,0.0,4.0,2.0,0.0,
3,4.0,1.0,1.0,4.0,0.0,
4,0.0,6.0,0.0,3.0,3.0,
5,3.0,12.0,0.0,5.0,1.0,
4,0.0,1.0,,4.0,,
0,,,1.0,,,0.41094350722179906
1,,,17.5,,,0.7265877159187034
2,,,34.0,,,0.15836961596369858
3,,,50.5,,,0.9223788997380121
4,,,67.0,,,0.2937800192622464
5,,,83.5,,,0.8180091053720656
6,,,100.0,,,0.5428103576198275
